Фамилия,"Имя, отчество",Login,Password,Role
Яковлев ,Ефим Ильяович,loginDEsar2018,2M2IQH,Директор
Васильева ,Маргарита Валерьяновна,loginDEuxd2018,*PI3KN,Конструктор
Петухов ,Гордей Серапионович,loginDEepk2018,VZ&Ak7,Менеджер
Нестеров ,Виктор Юлианович,loginDEjhb2018,PNvt8N,Мастер
Белоусов ,Антонин Яковович,loginDExzi2018,{+1T1M,Заказчик
Ермакова ,Александра Куприяновна,loginDEvva2018,G{q*LD,Директор
Баранова ,Галина Еремеевна,loginDEudz2018,Xcjvmi,Менеджер
Лебедев ,Валерьян Кимович,loginDEyyj2018,z+U0XU,Конструктор
Никонов ,Богдан Юлианович,loginDEvdj2018,5Eq6d|,Заказчик
Карпов ,Дмитрий Владимирович,loginDErwk2018,|nZOKu,Мастер
Мартынов ,Онисим Ярославович,loginDElkc2018,BOvRGk,Директор
Кузнецов ,Созон Викторович,loginDEmge2018,C947}j,Заказчик
Николаева ,Ирина Федотовна,loginDEtol2018,&ksGM5,Директор
Виноградов ,Ростислав Еремеевич,loginDEjwb2018,IQ+a01,Заказчик
Лебедева ,Евдокия Ивановна,loginDEzhf2018,xws6L9,Менеджер
Иванов ,Игнатий Авксентьевич,loginDEobp2018,XNGjJy,Директор
Савин ,Пётр Артёмович,loginDEloi2018,azEz+L,Мастер
Голубев ,Семён Олегович,loginDEuau2018,FNnhJ1,Менеджер
Горбачёв ,Ириней Викторович,loginDEdwi2018,n*aog&,Конструктор
Игнатьева ,Глафира Эдуардовна,loginDEecu2018,s6FMJ|,Менеджер
Красильников ,Геннадий Романович,loginDEdfk2018,aqgkFV,Директор
Якушев ,Германн Мэлорович,loginDEkxq2018,8igB2p,Конструктор
Андреев ,Руслан Федосеевич,loginDEhqm2018,BPvGYj,Конструктор
Козлов ,Эдуард Протасьевич,loginDEyzm2018,*Nx7JS,Заказчик
Галкин ,Ярослав Фролович,loginDEzbd2018,hWTIZR,Конструктор
Назаров ,Иван Мартынович,loginDEoni2018,phdlXA,Заказчик
Воронцов ,Владимир Игнатьевич,loginDEewk2018,4baKX7,Заказчик
Артемьев ,Даниил Дамирович,loginDEdfh2018,t0CrUG,Менеджер
Абрамова ,Милица Аристарховна,loginDEufs2018,7CLi&1,Конструктор
Владимиров ,Протасий Витальевич,loginDEzsy2018,a6}lPi,Директор
Агафонов ,Ириней Фёдорович,loginDElzj2018,Ph0lH+,Директор
Суворов ,Владислав Иринеевич,loginDEwtu2018,kVUA|*,Мастер
Яковлев ,Игнатий Даниилович,loginDEpyt2018,VAwNEk,Менеджер
Павлов ,Константин Гордеевич,loginDEquw2018,65j6kZ,Конструктор
Щукина ,Марфа Глебовна,loginDEcxk2018,sM*fqO,Директор
Мишин ,Михаил Глебович,loginDEnxq2018,|yxsob,Менеджер
Исакова ,София Юрьевна,loginDEpmm2018,wRERed,Мастер
Сысоева ,Виктория Максимовна,loginDEitt2018,L+OKpQ,Менеджер
Большаков ,Владимир Филатович,loginDEttt2018,1YOnW3,Менеджер
Абрамова ,Оксана Ростиславовна,loginDExrn2018,eaI8ng,Мастер
Зиновьев ,Иван Ильяович,loginDEelh2018,NNmfSo,Заказчик
Евдокимов ,Алексей Антонович,loginDEwxd2018,Smjq0v,Конструктор
Романов ,Германн Серапионович,loginDEiho2018,UIlg{8,Конструктор
Логинов ,Егор Лаврентьевич,loginDEsyo2018,F743ca,Заказчик
Кондратьев ,Бронислав Тихонович,loginDEmwq2018,YZ{snT,Конструктор
Александрова ,Нинель Мстиславовна,loginDEykk2018,EttWT{,Конструктор
Терентьев ,Игорь Александрович,loginDEell2018,7wQfBj,Менеджер
Пахомов ,Гордей Борисович,loginDEdys2018,B}2V7t,Мастер
Большаков ,Яков Протасьевич,loginDEqoh2018,+xRJ|2,Конструктор
Крылов ,Авдей Анатольевич,loginDEpdv2018,r1HuS2,Конструктор
Петрова ,Иванна Андреевна,loginDEzqn2018,Lgd57H,Заказчик
Воронцов ,Никита Лаврентьевич,loginDEvzo2018,VO7mOE,Директор
Федосеев ,Иван Валентинович,loginDEiyy2018,Ip|*iS,Конструктор
Галкин ,Владислав Филатович,loginDEdgv2018,kfmvXj,Директор
Киселёв ,Валерьян Евгеньевич,loginDEurj2018,9ImBsL,Мастер
Путин ,Станислав Протасьевич,loginDEaul2018,MTZb+A,Мастер
Харитонов ,Германн Ефимович,loginDEbdx2018,F|mMSS,Директор
Гурьева ,Ольга Аркадьевна,loginDEyzp2018,wFCnHN,Мастер
Сысоев ,Демьян Антонинович,loginDErwb2018,v5RpBS,Мастер
Шубин ,Тихон Лаврентьевич,loginDEpri2018,RI2*T9,Заказчик
Евсеев ,Эдуард Протасьевич,loginDEzpr2018,++NP+J,Мастер
Мясников ,Борис Лукьевич,loginDEhfv2018,QpAY63,Директор
Мартынова ,Клавдия Лукьяновна,loginDEyjy2018,20uyVz,Директор
Филатов ,Константин Вадимович,loginDEejw2018,4}szdy,Менеджер
Ефремов ,Протасий Протасьевич,loginDEdby2018,rleZVk,Конструктор
Михайлов ,Парфений Мэлорович,loginDEzqk2018,TOOuow,Заказчик
Самойлов ,Богдан Геласьевич,loginDEjdf2018,*jzOGy,Мастер
Громова , Маргарита Митрофановна,loginDEycc2018,YeTO&L,Директор
Копылова ,Иванна Геласьевна,loginDEmoq2018,*bhJb4,Менеджер
Носков ,Семён Васильевич,loginDEgtz2018,Tv&BVy,Конструктор
Данилов ,Егор Валентинович,loginDEkuy2018,s4Vm64,Мастер
Иванов ,Вячеслав Парфеньевич,loginDEpxb2018,wso}8C,Менеджер
Кошелева ,Василиса Якововна,loginDEbfn2018,RCt1Sk,Конструктор
Данилов ,Мстислав Олегович,loginDEhqt2018,EhWhoq,Менеджер
Горбунов ,Павел Леонидович,loginDExyh2018,CRk03h,Директор
Никитин ,Борис Евгеньевич,loginDEjrd2018,8tl2a+,Заказчик
Доронина ,Фаина Якуновна,loginDEkma2018,jW{dgt,Заказчик
Поляков ,Лукьян Викторович,loginDEknj2018,hKZfoC,Конструктор
Уварова ,Наталья Евгеньевна,loginDEfvq2018,*uGVVE,Директор
Соболев ,Фрол Германович,loginDEvqh2018,oQmpma,Менеджер
Суворова ,Зинаида Александровна,loginDEcdg2018,UYNHsU,Директор
Федосеева ,Иванна Михаиловна,loginDEpdu2018,+g13tn,Директор
Кудряшов ,Михаил Протасьевич,loginDEgbi2018,c29wfj,Конструктор
Аксёнова ,Александра Лаврентьевна,loginDEklt2018,5QO|u4,Мастер
Баранов ,Алексей Авдеевич,loginDEbka2018,|AbflR,Заказчик
Гришин ,Донат Константинович,loginDEthx2018,+t}zCu,Мастер
Ершов ,Виктор Яковович,loginDErns2018,tz2wx5,Конструктор
Григорьев ,Митрофан Парфеньевич,loginDEybt2018,e7uyxU,Мастер
Панов ,Донат Александрович,loginDEoyy2018,4a0mnh,Директор
Буров ,Серапион Сергеевич,loginDEooj2018,GPf+Bw,Менеджер
Дорофеева ,Светлана Брониславовна,loginDExbs2018,I6DDeV,Директор
Суханова ,Ангелина Григорьевна,loginDEafi2018,hN8}Tj,Директор
Сергеев ,Антонин Вадимович,loginDEzyb2018,ZG73**,Мастер
Комиссаров ,Тихон Варламович,loginDEhwk2018,TeoCY0,Заказчик
Ефимова ,Анжелика Николаевна,loginDEzby2018,n|MYCO,Конструктор
Блинов ,Мэлор Дамирович,loginDExzu2018,Sch+GG,Менеджер
Блохина ,Акулина Якуновна,loginDExzf2018,6cmjFd,Мастер
Гущина ,Ксения Романовна,loginDEzva2018,0vLvlW,Заказчик
Пахомов ,Донат Евсеевич,loginDEdya2018,tS2NmR,Конструктор
Дементьев ,Владлен Глебович,loginDEaou2018,1E6ONr,Конструктор
Мишин ,Ростислав Пантелеймонович,loginDEeqk2018,I{iaU4,Конструктор
Пестова ,Ия Святославовна,loginDErot2018,I+0E2j,Директор
Казакова ,Кира Вячеславовна,loginDEhkz2018,T6BAKi,Мастер
Жданов ,Ярослав Варламович,loginDEcxd2018,+WMe2B,Заказчик
Вишнякова ,Прасковья Всеволодовна,loginDEpty2018,m{Li1+,Заказчик
Панфилов ,Кондрат Антонинович,loginDEtaa2018,R8oTaQ,Директор
Буров ,Егор Арсеньевич,loginDEibc2018,qb8|Mk,Заказчик
Рожков ,Глеб Гордеевич,loginDEwxv2018,qK6y{W,Менеджер
Федосеева ,Ольга Алексеевна,loginDEdmd2018,6xjzYR,Директор
Яковлева ,Валерия Михаиловна,loginDEytk2018,7D9re0,Мастер
Лукин ,Пётр Кондратович,loginDEqga2018,P+4p4a,Конструктор
Дмитриев ,Никита Пётрович,loginDEaxl2018,V2S+Ih,Менеджер
Тарасова ,Зоя Якуновна,loginDEyan2018,uf6Krf,Менеджер
Исаков ,Константин Яковович,loginDEidg2018,YjZW6A,Заказчик
Юдин ,Валентин Геласьевич,loginDEwpm2018,zqnoi|,Заказчик
Селиверстова ,Анжела Алексеевна,loginDEpiz2018,JTXLk6,Директор
Беляев ,Якун Протасьевич,loginDEdoo2018,1jH&}l,Заказчик
Сидоров ,Святослав Демьянович,loginDEjeh2018,IgW*|U,Конструктор
Кабанов ,Виктор Парфеньевич,loginDEerm2018,XPr8zT,Мастер
Рогов ,Ким Станиславович,loginDEdlu2018,JgY{Zo,Заказчик
Блинова ,Марфа Николаевна,loginDEplk2018,xQxtYm,Директор
Тетерин ,Варлам Кимович,loginDEtix2018,Y5zv9+,Менеджер
Крюков ,Даниил Онисимович,loginDEarc2018,AZin*Q,Мастер
Пахомова ,Антонина Еремеевна,loginDEpba2018,&HmMXH,Директор
Харитонов ,Ириней Авксентьевич,loginDEyeg2018,CFEe+Z,Директор
Кузьмин ,Евсей Андреевич,loginDEshj2018,+XW3Bk,Конструктор
Виноградов ,Матвей Анатольевич,loginDEchx2018,S5c&fX,Конструктор
Якушева ,Анастасия Якуновна,loginDEwvl2018,&9Vpqk,Директор
Егоров ,Евсей Константинович,loginDEeeg2018,fIqIdE,Заказчик
Морозова ,Феврония Всеволодовна,loginDEaeu2018,ubmJ{u,Менеджер
Доронин ,Митрофан Лаврентьевич,loginDEend2018,SX8Z4A,Конструктор
Костин ,Константин Арсеньевич,loginDEtik2018,a&+vrv,Директор
Сорокин ,Агафон Семёнович,loginDEmmh2018,x1wAHo,Мастер
Мясникова ,Евфросиния Федотовна,loginDEcur2018,FuE312,Мастер
Власов ,Никита Мартынович,loginDEath2018,Ii{d2t,Мастер
Зуев ,Николай Георгьевич,loginDEdif2018,Tpivcr,Мастер
Жданов ,Степан Аристархович,loginDErnv2018,gJ1NYR,Менеджер
Кулагин ,Лукий Брониславович,loginDEhrc2018,sk1mgK,Мастер
Кабанова ,Алла Фёдоровна,loginDEodw2018,AMSLmE,Конструктор
Соболева ,Валерия Всеволодовна,loginDEbed2018,282IYv,Директор
Михеев ,Ярослав Антонович,loginDEnqq2018,XKrJOU,Директор
Комаров ,Всеволод Степанович,loginDEjgu2018,ELrDod,Заказчик
Белоусов ,Лукьян Геласьевич,loginDEwbn2018,96TfQ|,Директор
Фёдоров ,Донат Егорович,loginDEfbq2018,}G4XKd,Заказчик
Матвиенко ,Валерия Вячеславовна,loginDEccy2018,4zb2ow,Директор
Калашников ,Бронислав Арсеньевич,loginDEuwn2018,wPbrBV,Мастер
Турова ,Василиса Алексеевна,loginDEsty2018,Caam+a,Директор
Андреев ,Лаврентий Созонович,loginDEubl2018,R&o+7+,Заказчик
Филиппова ,Фаина Фёдоровна,loginDEtqw2018,UJW+*N,Менеджер
Соболев ,Геннадий Якунович,loginDExic2018,bp&g7f,Менеджер
Михеева ,Евдокия Якововна,loginDEvdy2018,|9AaAE,Заказчик
Евдокимова ,Людмила Лаврентьевна,loginDEqhl2018,FQQRMz,Конструктор
Чернов ,Арсений Германнович,loginDEhya2018,+JQwYv,Конструктор
Бирюков ,Вячеслав Агафонович,loginDEffq2018,Vs0tGb,Мастер
Веселов ,Вячеслав Аркадьевич,loginDEopr2018,Oklkhh,Мастер
Исаева ,Любовь Мэлоровна,loginDEmbm2018,g90TWM,Мастер
Гуляева ,Лидия Ростиславовна,loginDEsze2018,S*{8Ml,Конструктор
Сазонова ,Раиса Кондратовна,loginDEctg2018,dN+jod,Заказчик
Пахомов ,Дмитрий Юлианович,loginDEruq2018,mXdZTI,Директор
Сафонов ,Семён Лаврентьевич,loginDEqpk2018,Tnh3DJ,Мастер
Игнатьева ,Элеонора Олеговна,loginDEmhc2018,mMYPim,Заказчик
Жданова ,Ангелина Якуновна,loginDErvp2018,iIOsgI,Конструктор
Баранов ,Валерьян Игнатьевич,loginDEgdb2018,xLvXN{,Заказчик
Селезнёва ,Татьяна Антониновна,loginDExet2018,S*onWu,Конструктор
Наумов ,Ефим Онисимович,loginDEupl2018,KE6*k|,Директор
Филатова ,Пелагея Якуновна,loginDEkbx2018,T}4cTC,Менеджер
Карпова ,Дарья Валерьевна,loginDEzwo2018,zkc0S},Менеджер
Пономарёв ,Ярослав Лаврентьевич,loginDEvln2018,keXJ3o,Конструктор
Гурьев ,Евгений Витальевич,loginDEayj2018,+b6HrZ,Мастер
Игнатова ,Марфа Артёмовна,loginDEoby2018,*j704g,Конструктор
Бобров ,Пётр Леонидович,loginDEdje2018,Ros+rl,Менеджер
Кузнецова ,Элеонора Матвеевна,loginDEnux2018,{XMSKj,Мастер
Кузьмин ,Василий Валерьевич,loginDEyhv2018,zNZYk{,Директор
Копылова ,Антонина Макаровна,loginDEuwy2018,m0S8Hy,Менеджер
Кабанов ,Гордей Геласьевич,loginDEkit2018,Zx89p+,Менеджер
Мельникова ,Прасковья Мстиславовна,loginDEzfi2018,VbhJh*,Менеджер
Громов ,Куприян Святославович,loginDEbhd2018,a80d5I,Мастер
Капустин ,Федот Русланович,loginDEpul2018,1y2EaM,Заказчик
Герасимов ,Донат Ефимович,loginDEsyc2018,IX+1o1,Конструктор
Панова ,Тамара Протасьевна,loginDEmqf2018,*eh|rQ,Мастер
Ефремов ,Дмитрий Мартынович,loginDEhjw2018,dFb{aw,Заказчик
Поляков ,Евсей Алексеевич,loginDEcjd2018,F4Qv}x,Заказчик
Беспалов ,Еремей Мартынович,loginDElnh2018,D+83Ot,Директор
Тарасова ,Ксения Олеговна,loginDEebx2018,WTBC7e,Заказчик
Кулаков ,Протасий Глебович,loginDEtbf2018,}g|DE+,Заказчик
Соловьёва ,Любовь Онисимовна,loginDEpjz2018,V8ArPO,Заказчик
Владимиров ,Геннадий Еремеевич,loginDEfpm2018,oJ7&bs,Мастер
Некрасова ,Клавдия Денисовна,loginDEdrx2018,*SZ7TL,Мастер
Казакова ,Фаина Антониновна,loginDEykq2018,Veq1N7,Директор
Сазонов ,Протасий Игоревич,loginDEthb2018,Lt7|ok,Менеджер
Исаев ,Антон Брониславович,loginDEbdb2018,nxULDN,Менеджер
Матвеев ,Илья Федосеевич,loginDEysy2018,*M+eyt,Конструктор
Шестаков ,Всеволод Лукьевич,loginDEjrt2018,x8St23,Заказчик
Сергеев ,Еремей Серапионович,loginDEwim2018,Sbe&j},Заказчик
Молчанова ,Эмилия Мэлсовна,loginDEbbt2018,IclO}d,Конструктор
Комаров ,Альвиан Юлианович,loginDEwbe2018,C&n1bj,Директор
Щукина ,Клавдия Куприяновна,loginDEgcb2018,St&dIw,Заказчик
Суханов ,Лукий Ростиславович,loginDEvai2018,7dX5WR, Заказчик
Мишина ,Глафира Вадимовна,loginDErbv2018,7NrYfL,Мастер
Бобылёв ,Якун Альбертович,loginDEyis2018,qcBZOv,Менеджер
Маслов ,Геннадий Куприянович,loginDEmiy2018,dK6+AE,Заказчик
Кириллов ,Серапион Всеволодович,loginDExrj2018,WJrQlq,Конструктор
Горшкова ,Людмила Филатовна,loginDEtyl2018,C4f}5e,Директор
Тарасова ,Людмила Макаровна,loginDEvrn2018,AfSRZI,Мастер
Русаков ,Ярослав Агафонович,loginDEqoa2018,NUeFuT,Директор
Ефремова ,Варвара Иринеевна,loginDEyin2018,eikez3,Заказчик
Игнатьев ,Федосей Парфеньевич,loginDEwpz2018,eMn{Kl,Мастер
Степанова ,Маргарита Ильяовна,loginDEdmj2018,J+}Wvc,Мастер
Блохина ,Александра Митрофановна,loginDEooq2018,pSp9XX,Заказчик
Яковлев ,Фёдор Мартынович,loginDEjoa2018,kChmEo,Заказчик
Журавлёва ,Пелагея Витальевна,loginDEszj2018,B6&cJf,Заказчик
Корнилов ,Филат Артёмович,loginDEhzm2018,D*pP0+,Конструктор
Ковалёв ,Павел Денисович,loginDEsep2018,sG40du,Заказчик
Петров ,Вадим Мэлорович,loginDEhiq2018,IbJ}qw,Менеджер
Нестеров ,Альберт Мстиславович,loginDEmww2018,ukBtoC,Мастер
Терентьева ,Вероника Протасьевна,loginDEgju2018,C7nYc{,Заказчик
Белоусов ,Евсей Николаевич,loginDEcyg2018,UQA1Uu,Менеджер
Лебедев ,Парфений Якунович,loginDEjyc2018,cj9ECm,Мастер
Наумов ,Мстислав Павлович,loginDEvxf2018,yS2WHF,Мастер
Поляков ,Яков Юлианович,loginDEajj2018,hzO1*o,Директор
Самойлова ,Клавдия Владленовна,loginDEjre2018,Ea5FeF,Конструктор
Гусева ,Алина Васильевна,loginDEelw2018,8m|p+S,Менеджер
Тимофеева ,Елизавета Мэлсовна,loginDEkea2018,82af{y,Мастер
Гурьева ,Кира Варламовна,loginDExkx2018,8uXYWo,Менеджер
Родионов ,Святослав Олегович,loginDEyxm2018,*DB|&d,Мастер
Белов ,Геласий Серапионович,loginDEuzv2018,|6J|mm,Заказчик
Уваров ,Руслан Иринеевич,loginDEyaa2018,8}w*yf,Конструктор
Сафонов ,Станислав Григорьевич,loginDEgpt2018,Gao1gX,Заказчик
Игнатьев ,Алексей Вадимович,loginDEojz2018,N50|5T,Мастер
Елисеев ,Евсей Борисович,loginDEzqo2018,HHG+eY,Директор
Воронцов ,Валерьян Даниилович,loginDEkfs2018,q}b+Tf,Заказчик
Князев ,Егор Донатович,loginDEqql2018,QHE5zz,Конструктор
Ковалёва ,Мария Максимовна,loginDEmjf2018,p+u{vH,Директор
Авдеев ,Константин Станиславович,loginDEjjx2018,DP|ubQ,Мастер
Семёнова ,Жанна Онисимовна,loginDEtch2018,TsU4a5,Заказчик
Устинова ,Милица Георгьевна,loginDEpll2018,J9pnJW,Директор
Исаева ,Елена Валерьяновна,loginDEqcb2018,oMOLh+,Мастер
Сорокин ,Лаврентий Аркадьевич,loginDEivc2018,Ci52qh,Директор
Наумова ,Пелагея Лукьяновна,loginDEybw2018,d+t136,Мастер
Фадеев ,Христофор Вячеславович,loginDEtqn2018,IdjLc2,Директор
Блохин ,Богдан Улебович,loginDEtby2018,36YniT,Конструктор
Громова ,Фаина Лаврентьевна,loginDEnrq2018,pn{5RN,Директор
Зыков ,Богдан Леонидович,loginDEill2018,5c|dSJ,Менеджер
Савельева ,Прасковья Георгьевна,loginDErzp2018,W6rx|w,Конструктор
Петухова ,Элеонора Ильяовна,loginDEjgq2018,gJEYkn,Конструктор
Морозова ,Клавдия Святославовна,loginDEbho2018,AFvMyh,Директор
Колесников ,Пантелеймон Якунович,loginDErvi2018,|9LJNA,Мастер
Орехова ,Агафья Пантелеймоновна,loginDEifv2018,V61gmp,Конструктор
Фадеев ,Виталий Анатольевич,loginDEqkn2018,KdU6uK,Мастер
Блинова ,Прасковья Агафоновна,loginDExbf2018,Vl9R|I,Конструктор
Игнатова ,Нинель Лаврентьевна,loginDEwkl2018,415qNv,Заказчик
Савин ,Донат Ярославович,loginDEqwd2018,Ix4V{i,Менеджер
Романов ,Аристарх Ильяович,loginDEjno2018,kuLGGL,Мастер
Мишин ,Эдуард Фёдорович,loginDEpgp2018,q|Ov9c,Менеджер
Макарова ,Маргарита Всеволодовна,loginDEwua2018,*tyvel,Заказчик
Носкова ,Нинель Иринеевна,loginDExdd2018,rp22fO,Менеджер
Суворов ,Егор Гордеевич,loginDEmom2018,0gSoaA,Директор
Савельева ,Олимпиада Данииловна,loginDEfxd2018,uZm+f6,Менеджер
Ершова ,Василиса Ярославовна,loginDEfiy2018,nBm{qt,Конструктор
Антонов ,Андрей Георгьевич,loginDEnxj2018,Y+Yif+,Конструктор
Ефимова ,Ираида Митрофановна,loginDEcbu2018,zLj0GQ,Менеджер
Субботин ,Максим Георгьевич,loginDExbv2018,71t|e{,Менеджер
Тетерин ,Христофор Степанович,loginDEwcj2018,AMXhqA,Конструктор
Абрамов ,Игорь Семёнович,loginDEsmd2018,ZWSZHe,Мастер
Казаков ,Онисим Анатольевич,loginDEtug2018,b{7&Zf,Директор
Нестеров ,Андрей Даниилович,loginDEcsu2018,HOFZa6,Заказчик
Медведев ,Эдуард Антонович,loginDEfse2018,axoHxw,Менеджер
Логинова ,Элеонора Дмитрьевна,loginDEgcl2018,swu*ZT,Заказчик
Сергеев ,Георгий Кимович,loginDEmzj2018,crY1JZ,Конструктор
Медведьев ,Федосей Агафонович,loginDEvut2018,Y7Mm*Y,Директор
Ширяева ,Наина Васильевна,loginDEwkn2018,2*lKn+, Менеджер
Кузьмина ,Лукия Авдеевна,loginDEbwn2018,rr&WdV,Мастер
Шестакова ,Иванна Ярославовна,loginDEzgc2018,UHIU&T,Мастер
Соболев ,Даниил Николаевич,loginDEzta2018,cMVEpF,Мастер
Петрова ,Агафья Константиновна,loginDEsld2018,s1Ndyp,Заказчик
Кудрявцев ,Евгений Александрович,loginDEvgu2018,m8VeJw,Менеджер
Хохлов ,Семён Авдеевич,loginDEqbh2018,GZq4nd,Менеджер
Нестеров ,Анатолий Донатович,loginDEokf2018,X3+RZ0,Конструктор
Киселёв ,Анатолий Альвианович,loginDEcbi2018,UrluYp,Менеджер
Нестеров ,Анатолий Павлович,loginDEgza2018,PXAA7c,Директор
Рогов ,Никита Вячеславович,loginDEswq2018,Rm&++t,Директор
Пестов ,Николай Константинович,loginDEqxo2018,8iqEG*,Мастер
Сергеева ,Зоя Пётровна,loginDEguz2018,7wsWd4,Менеджер
Матвиенко ,Фаина Демьяновна,loginDEaro2018,LE}Woo,Заказчик
Кулаков ,Авдей Донатович,loginDEaea2018,OQ8Kfz,Менеджер
Дмитриев ,Владислав Аркадьевич,loginDEzhp2018,16+8Jh,Конструктор
Шестакова ,Евдокия Авксентьевна,loginDEtzs2018,D9G6j1,Конструктор
Блинов ,Мэлор Ильяович,loginDEvem2018,HiD*0c,Мастер
Щукин ,Федосей Павлович,loginDEvzy2018,T5Qaaa,Менеджер
Русаков ,Всеволод Игнатьевич,loginDErjn2018,5FMXpr,Директор
Субботина ,Оксана Геннадьевна,loginDEiam2018,b+*n+0,Заказчик
Дорофеева ,Надежда Богдановна,loginDEyff2018,LB&hR+,Менеджер
Щукина ,Надежда Германновна,loginDEykt2018,XQlo|S,Менеджер
Моисеева ,Надежда Протасьевна,loginDEcpb2018,|Be{Wn,Конструктор
Козлова ,Мария Валерьяновна,loginDEkww2018,KzFIWJ,Мастер
Трофимова ,Наталья Семёновна,loginDEldo2018,oWfgBB,Директор
Ефремов ,Дамир Яковович,loginDExhi2018,l6eiog,Заказчик
Нестерова ,Алина Ростиславовна,loginDEltt2018,vJCz+l,Директор
Лазарев ,Святослав Олегович,loginDEaim2018,HdgRJI,Конструктор
Поляков ,Мэлор Геннадьевич,loginDEndh2018,JUYAwS,Мастер
Молчанов ,Лукий Митрофанович,loginDEpvn2018,v18sXi,Конструктор
Семёнова ,Алина Эдуардовна,loginDEcxl2018,2ToouN,Директор
Николаев ,Руслан Варламович,loginDEclw2018,h5Q{Nx,Конструктор
Костин ,Андрей Иринеевич,loginDEwik2018,DS{WpL,Менеджер
Карпов ,Артём Кимович,loginDEjyb2018,om9BwD,Менеджер
Орехова ,Мария Станиславовна,loginDEndc2018,r3RSO9,Директор
Зуев ,Глеб Игнатьевич,loginDEjhx2018,cQlCrZ,Конструктор
Аксёнова ,Нинель Кондратовна,loginDEqjm2018,thu8kK,Мастер
Никитин ,Аркадий Дмитрьевич,loginDElag2018,NupBH|,Мастер
Тетерин ,Ириней Викторович,loginDEsct2018,1j*J8T,Конструктор
Дорофеев ,Александр Авдеевич,loginDEvoe2018,zC6|UG,Директор
Стрелков ,Борис Альбертович,loginDEklg2018,l9|xfT,Конструктор
Уваров ,Макар Юрьевич,loginDEpzs2018,AVm+Oj,Мастер
Андреева ,Ульяна Евгеньевна,loginDEala2018,46+ORY,Мастер
Кулагин ,Матвей Якунович,loginDEheo2018,XiJmr9,Мастер
Ершова ,Элеонора Ивановна,loginDEzyn2018,TSGsPV,Мастер
Васильев ,Роман Матвеевич,loginDEbir2018,ww9{S1,Менеджер
Воронцова ,Наина Юрьевна,loginDEhmv2018,KE6+sS,Менеджер
Ковалёв ,Аристарх Егорович,loginDEldj2018,kZwuDV,Заказчик
Ермаков ,Авдей Валентинович,loginDEqph2018,8OJ1yJ,Мастер
Никонов ,Игорь Мстиславович,loginDEuyn2018,kSOtL9,Конструктор
Князев ,Дамир Валерьевич,loginDEfyh2018,04JQix,Мастер
Фокин ,Бронислав Иванович,loginDEcvs2018,H*OqOg,Конструктор
Сысоев ,Даниил Даниилович,loginDEqok2018,kZ6|yS,Заказчик
Мельникова ,Оксана Валентиновна,loginDEkvs2018,0GeIOP,Конструктор
Громов ,Богдан Максимович,loginDEytr2018,|vfIq2,Мастер
Фомин ,Владимир Игнатьевич,loginDExid2018,FywuoL,Мастер
Соколова ,Екатерина Руслановна,loginDEzxk2018,}+j40i,Менеджер
Лыткина ,Милица Вячеславовна,loginDEjtd2018,ODotUj,Менеджер
Панов ,Пётр Пётрович,loginDEmyz2018,gKQ4r+,Мастер
Агафонов ,Егор Еремеевич,loginDEuvg2018,}rhenI,Директор
Казаков ,Виктор Аркадьевич,loginDEajx2018,TaE4Dg,Конструктор
Дроздов ,Борис Мэлорович,loginDEigl2018,L2J*KI,Заказчик
Игнатьев ,Авксентий Германович,loginDEoxo2018,f}*V{M,Заказчик
Медведьев ,Николай Мстиславович,loginDEvhm2018,DT}WrU,Мастер
Медведева ,Ирина Валентиновна,loginDEvys2018,CxXb+r,Мастер
Никонов ,Виктор Русланович,loginDEpjw2018,T*wJeK,Заказчик
Коновалов ,Владлен Юрьевич,loginDElxp2018,vKdJGk,Мастер
Алексеев ,Виктор Васильевич,loginDExfm2018,mh6|JS,Менеджер
Суворова ,Алина Антоновна,loginDEcxr2018,HCt|N1,Заказчик
Жуков ,Игнатий Семёнович, loginDEuqk2018,3vE*Fb,Заказчик
Терентьева ,Анна Дамировна,loginDExeb2018,Oa}fkk,Заказчик
Беспалов ,Григорий Христофорович,loginDEmri2018,s*YXSm,Мастер
Ермакова ,Лидия Григорьевна,loginDEvmr2018,t6aouh,Заказчик
Стрелкова ,Лариса Варламовна,loginDEtyn2018,8qte+l,Директор
Костина ,Юлия Дмитрьевна,loginDEqqw2018,qlJ6vk,Заказчик
Шарапова ,Марина Павловна,loginDEkjs2018,A8K6dL,Конструктор
Евдокимов ,Геннадий Макарович,loginDEvmb2018,TY5Gd5,Конструктор
Моисеев ,Лукьян Вадимович,loginDErbm2018,D6SSd+,Мастер
Якушева ,Лукия Васильевна,loginDEoez2018,j7qgHy,Заказчик
Меркушев ,Альберт Яковович,loginDEvij2018,7hn2va,Директор
Вишнякова ,Ирина Агафоновна,loginDEjgh2018,7w4c6u,Директор
Медведева ,Валентина Никитевна,loginDEsrr2018,0fO0YH,Директор
Кудрявцев ,Дамир Эдуардович,loginDEocb2018,6oLNd{,Менеджер
Беляков ,Владислав Богданович,loginDEpmv2018,kjE3El,Конструктор
Мамонтова ,Ия Лукьяновна,loginDEjov2018,zS&ClK,Мастер
Цветкова ,Алина Улебовна,loginDEafs2018,Wiw0VR,Мастер
Максимов ,Донат Игнатьевич,loginDEiky2018,G&fF7n,Заказчик
Беспалова ,Надежда Владимировна,loginDEoyu2018,}*E9Se,Менеджер
Воробьёва ,Евпраксия Ильяовна,loginDEcpi2018,8lSh*o,Мастер
Миронова ,Глафира Сергеевна,loginDEjqp2018,zTKmDa,Заказчик
Тимофеев ,Фёдор Валентинович,loginDEhnh2018,m0WYQH,Директор
Ефимова ,Дарья Всеволодовна,loginDEuvi2018,U0W&Z&,Конструктор
Семёнова ,Марина Юрьевна,loginDEuug2018,aHl3qb,Конструктор
Смирнов ,Мэлор Кондратович,loginDErmf2018,U4jeNa,Мастер
Пономарёв ,Владлен Протасьевич,loginDEhnt2018,3X5|Jy,Конструктор
Вишняков ,Никита Семёнович,loginDEuvr2018,wu8lYK,Заказчик
Ларионова ,Антонина Игнатьевна,loginDEpsb2018,{O|F*N,Директор
Пономарёв ,Христофор Русланович,loginDEher2018,cTlCHC,Директор
Воронова ,Алла Юлиановна,loginDEyzh2018,8m6+}r,Заказчик
Сергеева ,Таисия Альвиановна,loginDElvm2018,elWeXR,Менеджер
Смирнов ,Евсей Сергеевич,loginDEron2018,ywlASa,Менеджер
Данилова ,Ангелина Аркадьевна,loginDEbzh2018,ysac1M,Заказчик
Лобанова ,Галина Демьяновна,loginDEnmc2018,X40l}h,Директор
Горшкова ,Евгения Васильевна,loginDEypj2018,2*3jan,Мастер
Зайцева ,Октябрина Станиславовна,loginDEwvg2018,XcZ4xF,Директор
Шарапова ,Глафира Мстиславовна,loginDElqo2018,TiSXX{,Мастер
Кулагин ,Мстислав Пётрович,loginDErhy2018,yQl65Q,Директор
Сорокин ,Сергей Олегович,loginDEoqc2018,*Cm6gW,Заказчик
Кондратьев ,Альвиан Протасьевич,loginDEskh2018,X{x9ae,Мастер
Сысоев ,Анатолий Арсеньевич,loginDEvkg2018,tzCLIX,Заказчик
Иванов ,Антон Степанович,loginDEpnq2018,D69F&h,Конструктор
Попов ,Илья Филатович,loginDEyza2018,CsA9|P,Мастер
Захарова ,Маргарита Авксентьевна,loginDEiai2018,OPjijt,Конструктор
Моисеев ,Лукий Борисович,loginDEbsc2018,myJPKm,Директор
Одинцов ,Никита Игоревич,loginDExsn2018,lY3vnH,Конструктор
Игнатов ,Демьян Матвеевич,loginDEnnv2018,rITdxe,Директор
Щербакова ,Октябрина Евгеньевна,loginDEqwh2018,yBJ1BR,Менеджер
Баранов ,Андрей Евсеевич,loginDEqdb2018,&S*k|o,Менеджер
Самойлов ,Агафон Юлианович,loginDExdk2018,qZhYRF,Конструктор
Кабанова ,Таисия Донатовна,loginDEgwd2018,AVPVNQ,Мастер
Евсеева ,Тамара Эдуардовна,loginDExvb2018,QC7KQ0,Заказчик
Лапина ,Фёкла Мстиславовна,loginDEdhh2018,WpZhYf,Конструктор
Дроздов ,Владислав Эдуардович,loginDErhx2018,iCAe1v,Директор
Орехова ,Ираида Николаевна,loginDEenm2018,2s1Lxh,Конструктор
Брагина ,Анастасия Кимовна,loginDEwqd2018,MF2TkC,Конструктор
Большаков ,Лаврентий Валерьевич,loginDEwom2018,fU+Q0O,Менеджер
Меркушева ,Евдокия Кимовна,loginDEngr2018,+yxoNp,Менеджер
Быкова ,Надежда Авксентьевна,loginDEjpa2018,cagBg7,Мастер
Бурова ,Екатерина Ефимовна,loginDEpgx2018,c**OJQ,Заказчик
Беспалов ,Михаил Фёдорович,loginDEnng2018,E{1p}t,Конструктор
Марков ,Вячеслав Владимирович,loginDEtmh2018,ZQ2*|q,Конструктор
Дорофеева ,Марина Никитевна,loginDEcbm2018,puJ4i1,Директор
Блохин ,Парфений Владленович,loginDEfae2018,pa&d4a,Директор
Самсонов ,Альвиан Игнатьевич,loginDEqzo2018,Gy3lzx,Заказчик
Орехова ,Наина Кондратовна,loginDEcan2018,SZKNx{,Директор
 Борисов ,Геннадий Вячеславович,loginDEobl2018,K+rV}b,Мастер
Афанасьев ,Владлен Евгеньевич,loginDEeyg2018,TOcMjG,Заказчик
Колобова ,Алина Парфеньевна,loginDEdld2018,6OKEWQ,Директор
Туров ,Христофор Филатович,loginDErvs2018,V7Rly7,Директор
Мартынов ,Олег Олегович,loginDEpux2018,NrtA{k,Заказчик
Давыдова ,Елена Георгьевна,loginDEgwm2018,S2JKft,Директор
Лапин ,Павел Макарович,loginDEecp2018,iOJ*u2,Директор
Громова ,Ульяна Егоровна,loginDEvbv2018,4X6wL5,Мастер
Нестерова ,Нина Юрьевна,loginDErxe2018,0egZd8,Конструктор
Захаров ,Фёдор Викторович,loginDEart2018,hnNvJ6,Директор
Артемьева ,Вероника Улебовна,loginDEqwf2018,YD3ird,Менеджер
Зайцев ,Аристарх Егорович,loginDEszy2018,nq+dxM,Директор
Галкин ,Авксентий Ильяович,loginDEbvt2018,dQdmQF,Директор
Матвеев ,Павел Еремеевич,loginDEkws2018,fZj28G,Директор
Ершов ,Федосей Геласьевич,loginDEizo2018,0wQJ2L,Заказчик
Гущина ,Нонна Ефимовна,loginDEnnf2018,z|t5P{,Конструктор
Матвеев ,Яков Христофорович,loginDEcpv2018,|titk+,Заказчик
Рожкова ,Пелагея Геннадьевна,loginDEnsx2018,czRSi3,Менеджер
Щербакова ,Агата Матвеевна,loginDEazz2018,uhLV9n,Заказчик
Александрова ,Иванна Лаврентьевна,loginDEjkw2018,8I8Yk1,Конструктор
Моисеев ,Фёдор Мэлсович,loginDEtri2018,0VC{f|,Заказчик
Трофимов ,Ярослав Валентинович,loginDEdlw2018,4tyo1M,Директор
Кондратьев ,Аркадий Михаилович,loginDEght2018,E3k7zP,Менеджер
Мартынов ,Матвей Антонович,loginDEhzq2018,QhSJos,Заказчик
Лыткин ,Сергей Агафонович,loginDEwia2018,qVG5zl,Заказчик
Тимофеев ,Федот Германнович,loginDEwmh2018,YTtWqJ,Заказчик
Евсеева ,Ксения Георгьевна,loginDEndq2018,cv7LdO,Конструктор
Гришина ,Глафира Мэлсовна,loginDErid2018,vMG+ko,Конструктор
Фёдоров ,Аркадий Николаевич,loginDExxh2018,UgbzHK,Мастер
Гурьев ,Пётр Федотович,loginDEwoz2018,vAuXEx,Мастер
Марков ,Александр Созонович,loginDEdjc2018,x*slLs,Директор
Попов ,Фрол Серапионович,loginDEgzq2018,FwZalk,Заказчик
Жуков ,Тихон Германович,loginDEefa2018,O6TkFS,Конструктор
Самсонова ,Феврония Арсеньевна,loginDEcdn2018,1MtIz},Директор
Попова ,Татьяна Артёмовна,loginDEgwc2018,zWQpyU,Мастер
Богданов ,Егор Андреевич,loginDEefc2018,Zaj{+Y,Менеджер
Третьяков ,Аристарх Геннадьевич,loginDEjef2018,J+F{R1,Конструктор
Вишнякова ,Людмила Евгеньевна,loginDEpib2018,VeJY8o,Менеджер
Горшкова ,Полина Якововна,loginDEekp2018,wvC|+L,Менеджер
Соболева ,Валентина Созоновна,loginDEjzb2018,lRjz+1,Мастер
Ковалёва ,Феврония Всеволодовна,loginDEdqb2018,w+Sx*+,Конструктор
Иван ,Викторовна,loginDEptn2018,NXXNVO,Заказчик
Евсеев ,Денис Борисович,loginDEcna2018,c4RbaU,Директор
Степанов ,Виталий Лукьевич,loginDEdrj2018,eD*hjv,Менеджер
Никифоров ,Всеволод Иванович,loginDEjrm2018,Cpb+Im,Заказчик
Воронов ,Донат Никитевич,loginDEpxl2018,P6h4Jq,Мастер
Игнатьева ,Евгения Валентиновна,loginDEwgk2018,&mfI9l,Менеджер
Буров ,Федот Егорович,loginDEpou2018,gX3f5Z,Заказчик
Иван ,Семёновна,loginDEjwl2018,D4ZYHt,Мастер
Денисов ,Дамир Филатович,loginDEabf2018,*Tasm+,Заказчик
Ершов ,Максим Геласьевич,loginDEwjm2018,k}DJKo,Конструктор
Копылов ,Куприян Пётрович,loginDEjvz2018,&|bGTy,Мастер
Носов ,Валерьян Дмитрьевич,loginDEuyv2018,8hhrZ},Мастер
Силин ,Игорь Авдеевич,loginDExdm2018,DH68L9,Конструктор
Дроздова ,Александра Мартыновна,loginDEeiv2018,H*BxlS,Конструктор
Дроздов ,Аркадий Геласьевич,loginDEfuc2018,VuM+QT,Конструктор
Боброва ,Варвара Евсеевна,loginDEoot2018,usi{aT,Заказчик
Чернова ,Агата Данииловна,loginDElhk2018,Okk0jY,Мастер
Лыткина ,Ульяна Станиславовна,loginDEazg2018,s3bb|V,Заказчик
Лаврентьев ,Леонид Игнатьевич,loginDEaba2018,+gLxUB,Директор
Кулаков ,Юрий Владленович,loginDEtco2018,tTKDJB,Мастер
Соловьёв ,Андрей Александрович,loginDEsyq2018,2QbpBN,Директор
Корнилова ,Марфа Макаровна,loginDEpxi2018,+5X&hy,Мастер
Белоусова ,Любовь Георгьевна,loginDEicr2018,3+|Sn{,Менеджер
Анисимов ,Никита Гордеевич,loginDEcui2018,Zi1Tth,Конструктор
Стрелкова ,Фаина Федосеевна,loginDEpxc2018,G+nFsv,Заказчик
Осипов ,Евгений Иванович,loginDEqrd2018,sApUbt,Конструктор
Владимирова ,Иванна Павловна,loginDEsso2018,+LHGST,Заказчик
Кудрявцева ,Жанна Демьяновна,loginDErsy2018,{Aa6nS,Мастер
Матвиенко ,Яков Брониславович,loginDEvpz2018,mS0UxK,Конструктор
Селезнёв ,Егор Артёмович,loginDEfog2018,glICay,Менеджер
Брагин ,Куприян Митрофанович,loginDEpii2018,Ob}RZB,Менеджер
Гордеев ,Виктор Эдуардович,loginDEhyk2018,*gN}Tc,Менеджер
Мартынов ,Онисим Брониславович,loginDEdxi2018,ywLUbA,Директор
Никонова ,Евгения Павловна,loginDEzro2018,B24s6o,Заказчик
Полякова ,Анна Денисовна,loginDEuxg2018,K8jui7,Заказчик
Макарова ,Пелагея Антониновна,loginDEllw2018,jNtNUr,Мастер
Андреева ,Анна Вячеславовна,loginDEddg2018,gGGhvD,Заказчик
Кудрявцева ,Кира Ефимовна,loginDEpdz2018,+XZKSw,Менеджер
Шилова ,Кира Егоровна,loginDEyiw2018,cnj3QR,Менеджер
Ситников ,Игорь Борисович,loginDEqup2018,95AU|R,Менеджер
Русаков ,Борис Христофорович,loginDExil2018,w+++Ht,Директор
Капустина ,Ульяна Игоревна,loginDEkuv2018,Ade++|,Мастер
Беляков ,Семён Германнович,loginDEmox2018,Je}9e7,Мастер
Гурьев ,Ириней Игнатьевич,loginDEvug2018,lEa{Cn,Мастер
Мишин ,Христофор Леонидович,loginDEzre2018,N*VX+G,Мастер
Лазарева ,Антонина Христофоровна,loginDEbes2018,NaVtyH,Директор
Маркова ,Ираида Сергеевна,loginDEkfg2018,r1060q,Конструктор
Носкова ,Пелагея Валерьевна,loginDEyek2018,KY2BL4,Конструктор
Баранов ,Станислав Дмитрьевич,loginDEloq2018,NZV5WR,Мастер
Ефремов ,Демьян Артёмович,loginDEjfb2018,TNT+}h,Директор
Константинов ,Всеволод Мэлсович,loginDEueq2018,GqAUZ6,Менеджер
Ситникова ,Ираида Андреевна,loginDEpqz2018,F0Bp7F,Мастер
Матвеев ,Кондрат Иванович,loginDEovk2018,JyJM{A,Менеджер
Носков ,Альвиан Онисимович,loginDEhej2018,K9Z5Vp,Директор
Степанова ,Любовь Мэлсовна,loginDEqrj2018,PC2nrX,Мастер
Кононов ,Авдей Протасьевич,loginDEqca2018,hLEkgV,Директор
Ларионов ,Макар Якунович,loginDElme2018,|wu0n4,Директор
Пахомова ,Эмилия Геласьевна,loginDEfnf2018,6cftrw,Заказчик
Сысоев ,Виктор Варламович,loginDEpbt2018,}}vuSH,Конструктор
Денисова ,Ия Филатовна,loginDEhdc2018,iF+GK&,Заказчик
Лобанова ,Акулина Игоревна,loginDEcox2018,y+vRV{,Заказчик
Жуков ,Максим Николаевич,loginDEsds2018,SxMndn,Заказчик
Александрова ,Анжелика Евгеньевна,loginDEbye2018,sHjuzU,Директор
Коновалов ,Игнатий Юлианович,loginDEakk2018,f5aZnV,Директор
Михайлов ,Ростислав Вадимович,loginDEmrf2018,uEB&n4,Директор
Шаров ,Герман Митрофанович,loginDEyje2018,zxEUoz,Конструктор
Воронцова ,Нонна Дмитрьевна,loginDEhqg2018,0Z4{o3,Заказчик
Хохлова ,Мария Тихоновна,loginDExyv2018,wSMsO2,Мастер
Уваров ,Федосей Донатович,loginDEwoq2018,0RQ1nZ,Менеджер
Андреева ,Нина Михаиловна,loginDEkbf2018,mBqfYS,Мастер
Новиков ,Николай Мэлсович,loginDEwtx2018,Ig3rQJ,Мастер
Жданова ,Анна Еремеевна,loginDEhio2018,3Aaqne,Директор
Егорова ,Фёкла Кондратовна,loginDEome2018,hAOrBa,Заказчик
Зиновьев ,Лукий Владимирович,loginDEflj2018,alo84u,Конструктор
Пахомов ,Протасий Артёмович,loginDEnei2018,M2pIA8,Заказчик
Рожков ,Дамир Ростиславович,loginDEzbo2018,8km&kZ,Конструктор
Наумова ,Лариса Антоновна,loginDEsdu2018,}MbQZe,Заказчик
Кузьмин ,Максим Антонинович,loginDEklp2018,kecK{O,Конструктор
Беспалов ,Демьян Алексеевич,loginDEzdc2018,Zf8mx0,Конструктор
Суханов ,Мартын Глебович,loginDEkzp2018,G*n9OB,Директор
Сергеев ,Никита Валентинович,loginDEdqe2018,Gzy&A6,Конструктор
Пахомова ,Тамара Владиславовна,loginDElmm2018,dbX7VE,Менеджер
Герасимов ,Демьян Никитевич,loginDEnhf2018,PlKjdc,Конструктор
Гришина ,Феврония Егоровна,loginDEcrj2018,FI&nQq,Менеджер
Козлова ,Вера Георгьевна,loginDExhd2018,8sE1Q5,Менеджер
Лазарева ,Мария Сергеевна,loginDEgcs2018,hNDB+t,Заказчик
Медведьев ,Василий Варламович,loginDEmub2018,RDXGd1,Конструктор
Орлов ,Виктор Павлович,loginDEqms2018,|uq7Lb,Мастер
Журавлёв ,Агафон Мэлсович,loginDEvqe2018,wJzfcY,Мастер
Тимофеев ,Мартын Еремеевич,loginDEupi2018,WNX1|z,Заказчик
Ларионов ,Мартын Геласьевич,loginDEwka2018,y}vBjg,Заказчик
Белозёров ,Андрей Николаевич,loginDEkkb2018,+zE&cU,Менеджер
Пономарёв ,Дмитрий Гордеевич,loginDEeni2018,mpWg+d,Директор
Белозёрова ,Юлия Ростиславовна,loginDEset2018,CTN+IM,Менеджер
Щербаков ,Александр Федотович,loginDEmii2018,B84UwV,Заказчик
Артемьев ,Даниил Филатович,loginDEikh2018,3yKW4y,Директор
Зиновьев ,Дамир Ефимович,loginDEaqv2018,nl0D9i,Менеджер
Туров ,Лукий Альбертович,loginDErgc2018,Hr9YpQ,Директор
Смирнова ,Мария Иринеевна,loginDEntg2018,pVmHC0,Конструктор
Крюкова ,Октябрина Геннадьевна,loginDEbuk2018,gLK7UQ,Менеджер
Медведева ,Мария Антониновна,loginDEsib2018,pM3n0J,Конструктор
Назаров ,Степан Макарович,loginDEmqs2018,KRp6IW,Конструктор
Николаева ,Василиса Всеволодовна,loginDEljn2018,368eRp,Менеджер
Ефремов ,Сергей Пантелеймонович,loginDEppn2018,6}i+FD,Директор
Родионова ,Тамара Валентиновна,loginDElqb2018,RNynil,Мастер
Миронова ,Галина Улебовна,loginDEydn2018,34I}X9,Менеджер
Сидоров ,Роман Иринеевич,loginDEijg2018,4QlKJW,Директор
Ситников ,Парфений Всеволодович,loginDEdpy2018,MJ0W|f,Мастер
Никонов ,Роман Геласьевич,loginDEwdm2018,&PynqU,Менеджер
Щербаков ,Владимир Матвеевич,loginDEdup2018,JM+2{s,Заказчик
Кулаков ,Мартын Михаилович,loginDEhbm2018,9aObu4,Мастер
Сазонова ,Оксана Лаврентьевна,loginDExvq2018,hX0wJz,Мастер
Архипов ,Варлам Мэлорович,loginDErks2018,LQNSjo,Конструктор
Устинова ,Ираида Мэлоровна,loginDErvb2018,ceAf&R,Конструктор
Лукин ,Георгий Альбертович,loginDEulo2018,+d0+iV,Мастер
Кононов ,Эдуард Валентинович,loginDEgfw2018,3c2Ic1,Заказчик
Орехова ,Клавдия Альбертовна,loginDEmxb2018,ZPXcRS,Заказчик
Яковлев ,Яков Эдуардович,loginDEgeq2018,&&Eim0,Менеджер
Воронов ,Мэлс Семёнович,loginDEkhj2018,Pbc0t{,Конструктор
Вишнякова ,Ия Данииловна,loginDEliu2018,32FyTl,Директор
Третьяков ,Фёдор Вадимович,loginDEsmf2018,{{O2QG,Конструктор
Макаров ,Максим Ильяович,loginDEutd2018,GbcJvC,Директор
Шубина ,Маргарита Анатольевна,loginDEpgh2018,YV2lvh,Конструктор
Блинова ,Ангелина Владленовна,loginDEvop2018,pBP8rO,Заказчик
Воробьёв ,Владлен Фролович,loginDEwjo2018,EQaD|d,Мастер
Сорокина ,Прасковья Фёдоровна,loginDEbur2018,aZKGeI,Заказчик
Давыдов ,Яков Антонович,loginDEszw2018,EGU{YE,Директор
Рыбакова ,Евдокия Анатольевна,loginDExsu2018,*2RMsp,Конструктор
Маслов ,Геннадий Фролович,loginDEztn2018,nJBZpU,Мастер
Цветкова ,Элеонора Аристарховна,loginDEtmn2018,UObB}N,Заказчик
Евдокимов ,Ростислав Александрович,loginDEhep2018,SwRicr,Менеджер
Никонова ,Венера Станиславовна,loginDEevr2018,zO5l}l,Конструктор
Громов ,Егор Антонович,loginDEnpa2018,M*QLjf,Мастер
Суворова ,Валерия Борисовна,loginDEgyt2018,Pav+GP,Директор
Мишина ,Елизавета Романовна,loginDEbrr2018,Z7L|+i,Директор
Зимина ,Ольга Аркадьевна,loginDEyoo2018,UG1BjP,Менеджер
Игнатьев ,Игнатий Антонинович,loginDEaob2018,3fy+3I,Заказчик
Пахомова ,Зинаида Витальевна,loginDEwtz2018,&GxSST,Конструктор
Устинов ,Владимир Федосеевич,loginDEctf2018,sjt*3N,Конструктор
Кулаков ,Мэлор Вячеславович,loginDEipm2018,MAZl6|,Менеджер
Сазонов ,Авксентий Брониславович,loginDEjoi2018,o}C4jv,Менеджер
Бурова ,Наина Брониславовна,loginDEwap2018,4hny7k,Мастер
Фадеев ,Демьян Федосеевич,loginDEaxm2018,BEc3xq,Заказчик
Бобылёва ,Дарья Якуновна,loginDEsmq2018,ATVmM7,Конструктор
Виноградов ,Созон Арсеньевич,loginDEeur2018,n4V{wP,Менеджер
Гордеев ,Владлен Ефимович,loginDEvke2018,WQLXSl,Директор
Иванова ,Зинаида Валерьевна,loginDEvod2018,0EW93v,Мастер
Гусев ,Руслан Дамирович,loginDEjaw2018,h6z&Ky,Менеджер
Маслов ,Дмитрий Иванович,loginDEpdp2018,8NvRfC,Заказчик
Антонова ,Ульяна Семёновна,loginDEjpp2018,oMOQq3,Менеджер
Орехова ,Людмила Владимировна,loginDEkiy2018,BQzsts,Директор
Авдеева ,Жанна Куприяновна,loginDEhmn2018,a|Iz|7,Директор
Кузнецов ,Фрол Варламович,loginDEfmn2018,cw3|03,Мастер
Лихачёв ,Онисим Гордеевич,loginDErfg2018,5ovb1N,Менеджер
Рожков ,Тихон Владиславович,loginDEymi2018,nR0+pI,Мастер
Павлов ,Максим Фёдорович,loginDEnbi2018,Ed*JQP,Мастер
Шилов ,Матвей Альбертович,loginDEhvg2018,SaHv6w,Директор
Шаров ,Федосей Юрьевич,loginDEmbg2018,Fou{d3,Директор
Медведева ,Пелагея Мартыновна,loginDEubq2018,{jzW2v,Менеджер
Медведев ,Григорий Агафонович,loginDEosl2018,O3O}we,Заказчик
Соколова ,Марфа Всеволодовна,loginDErog2018,&W4Wtq,Мастер
Петухова ,Василиса Еремеевна,loginDEsku2018,fUldqr,Менеджер
Беспалова ,Галина Дмитрьевна,loginDEatu2018,}nGbhZ,Мастер
Андреева ,Александра Владиславовна,loginDEhks2018,XV|+W4,Заказчик
Селезнёв ,Федот Валентинович,loginDEzbl2018,ih4xKJ,Мастер
Вишняков ,Сергей Иванович,loginDEoxa2018,mL+97r,Мастер
Зимин ,Василий Русланович,loginDEssm2018,oBrTGr,Мастер
Фадеева ,Регина Онисимовна,loginDEzxw2018,pX&AsH,Мастер
Артемьев ,Варлам Альбертович,loginDEkzo2018,n3es*S,Заказчик
Щербаков ,Лукий Онисимович,loginDEdaq2018,dWsvBS,Менеджер
Горбунов ,Матвей Сергеевич,loginDEnjd2018,0&3HHn,Менеджер
Зиновьева ,Варвара Антоновна, loginDEluw2018,S3wj{I,Конструктор
Фролов ,Юрий Варламович,loginDEole2018,p+kvb6,Директор
Ларионова ,Василиса Владимировна,loginDEebl2018,+t&bky,Конструктор
Силин ,Вячеслав Валерьевич,loginDEfug2018,z|6cXV,Менеджер
Герасимова ,Феврония Валерьяновна,loginDEgfx2018,GFSZAB,Менеджер
Пономарёва ,Вера Руслановна,loginDEtww2018,4icZTg,Директор
Медведьев ,Руслан Богданович,loginDElyc2018,+SJEpd,Конструктор
Владимиров ,Геласий Пантелеймонович,loginDEcbd2018,GwG*p6,Мастер
Корнилов ,Иван Игоревич,loginDEcay2018,ehtG*H,Заказчик
Иван ,Вячеславовна,loginDEmel2018,8zmoSV,Менеджер
Ермакова ,Зинаида Данииловна,loginDEhqk2018,KBc4A+,Мастер
Пахомова ,Элеонора Григорьевна,loginDEkny2018,v2+4Ro,Мастер
Гущина ,Вера Ефимовна,loginDEmda2018,sG+NF0,Конструктор
Полякова ,Антонина Андреевна,loginDEhhf2018,d+GS5y,Директор
Зуева ,Марина Ильяовна,loginDEilc2018,eyRufZ,Мастер
Агафонов ,Агафон Максимович,loginDEwfv2018,ZSUiGT,Конструктор
Архипов ,Агафон Игоревич,loginDEozn2018,nndP3Q,Директор
Лапина ,Иванна Аристарховна,loginDEbtr2018,FdZrI3,Конструктор
Маслова ,Мария Аристарховна,loginDEcuf2018,aOdzYf,Заказчик
Русаков ,Василий Куприянович,loginDEtye2018,MEJjQt,Менеджер
Николаева ,Евдокия Пётровна,loginDEncq2018,GgG3m0,Директор
Прохоров ,Олег Брониславович,loginDEtmt2018,}FOh*},Мастер
Зайцев ,Макар Владленович,loginDEyqb2018,xLmuQq,Директор
Жданов ,Сергей Гордеевич,loginDExld2018,a8Vjkx,Менеджер
Нестеров ,Авдей Митрофанович,loginDEnig2018,Cm00D0,Директор
Григорьева ,Глафира Антоновна,loginDEmly2018,IZJ7O|,Мастер
Зыков ,Геласий Лаврентьевич,loginDElom2018,Yg}k84,Директор
Александрова ,Марфа Протасьевна,loginDEvoa2018,RdGikC,Конструктор
Мухин ,Донат Ростиславович,loginDEwmq2018,ds4KAb,Мастер
Костин ,Геласий Германнович,loginDEdba2018,D7xF6u,Директор
Лазарев ,Протасий Игоревич,loginDEnsr2018,VZKTog,Директор
Пестов ,Богдан Германнович,loginDEqsc2018,UU|FkZ,Заказчик
Алексеев ,Владислав Аркадьевич,loginDEbct2018,Qg3gff,Заказчик
Савельева ,Евфросиния Арсеньевна,loginDEvtg2018,ETMNzL,Мастер
Никонов ,Мэлс Лукьевич,loginDEuro2018,a1MIcO,Заказчик
Горшкова ,Агафья Онисимовна,loginDEpst2018,0CyGnX,Менеджер
Горбачёв ,Пантелеймон Германович,loginDEpsu2018,Vx9cQ{,Менеджер
Ершова ,Иванна Максимовна,loginDEzqs2018,qM9p7i,Директор
Туров ,Денис Геласьевич,loginDEioe2018,yMPu&2,Заказчик
Носова ,Наина Эдуардовна,loginDEcmk2018,3f+b0+,Директор
Куликов ,Андрей Святославович,loginDEfsp2018,&dtlI+,Конструктор
Нестеров ,Агафон Георгьевич,loginDExcd2018,SZXZNL,Директор
Козлов ,Геласий Христофорович,loginDEvlf2018,O5mXc2,Мастер
Борисова ,Анжелика Анатольевна,loginDEanv2018,Xiq}M3,Заказчик
Суханов ,Станислав Фролович,loginDEzde2018,tlO3x&,Мастер
Тетерина ,Феврония Эдуардовна,loginDEriv2018,GJ2mHL,Директор
Муравьёва ,Александра Ростиславовна,loginDEhcp2018,n2nfRl,Заказчик
Новикова ,Лукия Ярославовна,loginDEwjv2018,ZfseKA,Менеджер
Агафонова ,Лариса Михаиловна,loginDEiry2018,5zu7+},Мастер
Сергеева ,Агата Юрьевна,loginDEgbr2018,}+Ex1*,Заказчик
Колобова ,Елена Евгеньевна,loginDExxv2018,+daE|T,Конструктор
Ситников ,Николай Филатович,loginDEbto2018,b1iYMI,Мастер
Белов ,Роман Иринеевич,loginDEfbs2018,v90Rep,Директор
Волкова ,Алла Лукьевна,loginDEple2018,WlW+l8,Менеджер
Кудрявцева ,Таисия Игоревна,loginDEhhx2018,hmCHeQ,Менеджер
Семёнова ,Октябрина Христофоровна,loginDEayn2018,Ka2Fok,Заказчик
Смирнов ,Сергей Яковович,loginDEwld2018,y9HStF,Заказчик
Брагина ,Алина Валерьевна,loginDEhuu2018,X31OEf,Мастер
Евсеев ,Игорь Донатович,loginDEmjb2018,5mm{ch,Менеджер
Суворов ,Илья Евсеевич,loginDEdgp2018,1WfJjo,Конструктор
Котов ,Денис Мартынович,loginDEgyi2018,|7nYPc,Конструктор
Бобылёва ,Юлия Егоровна,loginDEmvn2018,Mrr9e0,Мастер
Брагин ,Бронислав Георгьевич,loginDEfoj2018,nhGc+D,Заказчик
Александров ,Владимир Дамирович,loginDEuuo2018,42XmH1,Мастер
Фокин ,Ириней Ростиславович,loginDEhsj2018,s+jrMW,Конструктор
Воронов ,Митрофан Антонович,loginDEvht2018,zMyS8Z,Мастер
Маслов ,Мстислав Антонинович,loginDEeqo2018,l5CBqA,Мастер
Щербаков ,Георгий Богданович,loginDExrf2018,mhpRIT,Мастер
Кириллова ,Эмилия Федосеевна,loginDEfku2018,a1m+8c,Мастер
Васильев ,Серапион Макарович,loginDExix2018,hzxtnn,Заказчик
Галкина ,Олимпиада Владленовна,loginDEqrf2018,mI8n58,Конструктор
Яковлева ,Ксения Онисимовна,loginDEhlk2018,g0jSed,Менеджер
Калашникова ,Александра Владимировна,loginDEwoe2018,yOtw2F,Мастер
Медведьева ,Таисия Тихоновна,loginDExyu2018,7Fg}9p,Менеджер
Карпова ,Ольга Лукьевна,loginDEcor2018,2cIrC8,Директор
Герасимов ,Мстислав Дамирович,loginDEqon2018,YeFbh6,Мастер
Тимофеева ,Ксения Валерьевна,loginDEyfd2018,8aKdb0,Директор
Горбунов ,Вячеслав Станиславович,loginDEtto2018,qXYDuu,Директор
Кошелева ,Кира Владиславовна,loginDEdal2018,cJWXL0,Мастер
Панфилова ,Марина Борисовна,loginDEbjs2018,Xap2ct,Заказчик
Кудрявцев ,Матвей Игоревич,loginDEdof2018,kD|LRU,Мастер
Зуев ,Эдуард Пантелеймонович,loginDEsnh2018,+axm5b,Менеджер
Герасимов ,Вячеслав Ростиславович,loginDEftn2018,gPq+a},Заказчик
Суворов ,Всеволод Богданович,loginDEhuv2018,EJFYzS,Менеджер
Ширяев ,Иван Игоревич,loginDEfhd2018,{4wU7n,Менеджер
Колобова ,Иванна Геннадьевна,loginDEaon2018,&OmaNE,Заказчик
Шестаков ,Антон Константинович,loginDEyat2018,ELSTyH,Мастер
Игнатьев ,Федосей Богданович,loginDEmin2018,pQ6jze,Менеджер
Горбунов ,Валентин Григорьевич,loginDEzal2018,zbU8R5,Менеджер
Терентьева ,Анжела Михаиловна,loginDEemw2018,NxhF5I,Мастер
Мясникова ,Ия Евсеевна,loginDEmqt2018,SIasu5,Мастер
Горбунов ,Григорий Денисович,loginDEpxx2018,Xv{vjN,Мастер
Герасимов ,Олег Авксентьевич,loginDEetv2018,lNi&rF,Заказчик
Меркушева ,Нинель Матвеевна,loginDEonq2018,mKIIRQ,Мастер
Степанов ,Григорий Матвеевич,loginDErhl2018,U}rb9j,Конструктор
Агафонов ,Владлен Станиславович,loginDEfou2018,O+S9hm,Мастер
Кузнецов ,Фрол Георгьевич,loginDElno2018,le1vt2,Заказчик
Игнатьев ,Борис Владиславович,loginDEtbx2018,CQplH|,Мастер
Симонов ,Юрий Созонович,loginDEltw2018,zvjkwE,Заказчик
Степанов ,Евсей Федотович,loginDEfuz2018,ILry03,Менеджер
Зыков ,Вячеслав Антонович,loginDEygj2018,7b6PUb,Конструктор
Анисимова ,Алина Протасьевна,loginDEwpn2018,9BBkXP,Менеджер
Артемьева ,Лариса Макаровна,loginDEyix2018,6zbXg*,Менеджер
Мамонтова ,Ия Христофоровна,loginDEtms2018,70Z&Zy,Директор
Котова ,Светлана Леонидовна,loginDEmgl2018,QJNgD&,Директор
Фёдорова ,Алла Брониславовна,loginDEhix2018,ZKnd*0,Директор
Гущина ,Анжела Аркадьевна,loginDEwbk2018,iJMh5B,Мастер
Дмитриев ,Григорий Мэлорович,loginDEpwa2018,yn5MLQ,Мастер
Дроздова ,Фёкла Митрофановна,loginDElrx2018,lbX+dF,Заказчик
Гаврилов ,Василий Германович,loginDEidx2018,R2j0mn,Заказчик
Суханова ,Фаина Юрьевна,loginDEzmk2018,ZrgBk6,Менеджер
Савельев ,Егор Сергеевич,loginDEvje2018,gCU1fd,Директор
Иван ,Васильевна,loginDEwun2018,yy+Qhe,Мастер
Сазонова ,Клавдия Евгеньевна,loginDEfzq2018,36H8f},Менеджер
Шаров ,Григорий Созонович,loginDEwel2018,UU5FTi,Заказчик
Щербаков ,Кондрат Фёдорович,loginDEljg2018,CT44Gc,Мастер
Дроздов ,Дмитрий Юлианович,loginDEgsp2018,9ACW}r,Менеджер
Молчанов ,Юрий Лукьянович,loginDEjvp2018,etLGcB,Заказчик
Тихонов ,Валентин Авдеевич,loginDEapt2018,cwx{RH,Конструктор
Виноградов ,Юрий Лукьевич,loginDEilb2018,IN2Ahc,Конструктор
Горбунова ,Нинель Сергеевна,loginDErch2018,|&DFy+,Директор
Маслов ,Леонид Николаевич,loginDEfwx2018,t|*wCk,Конструктор
Родионова ,Венера Арсеньевна,loginDEggp2018,bBNxJb,Менеджер
Агафонов ,Пантелеймон Гордеевич,loginDEbgb2018,VtmP58,Конструктор
Кудрявцев ,Гордей Авксентьевич,loginDEnif2018,Nhj*t+,Заказчик
Лыткина ,Алевтина Романовна,loginDEsvs2018,tLgPnC,Заказчик
Князев ,Геласий Евсеевич,loginDEghx2018,gue+iw,Мастер
Бирюкова ,Пелагея Дмитрьевна,loginDElmy2018,X2LtuP,Заказчик
Быков ,Лаврентий Ярославович,loginDEevd2018,GMbcZN,Мастер
Воронов ,Олег Яковович,loginDEodd2018,s2|Eb1,Менеджер
Богданова ,Марфа Владимировна,loginDEmrj2018,blrD&8,Менеджер
Беляев ,Донат Агафонович,loginDEyct2018,uD+|Ud,Мастер
Константинова , Вероника Агафоновна,loginDEsgg2018,qhgYnW,Заказчик
Меркушев ,Мартын Федотович,loginDEdcd2018,LxR6YI,Мастер
Казаков ,Федот Кондратович,loginDEisg2018,Cp8ddU,Мастер
Карпов ,Улеб Леонидович,loginDEcph2018,7YpE0p,Директор
Королёв ,Матвей Вадимович,loginDEgco2018,nMr|ss,Мастер
Юдин ,Герман Кондратович,loginDEwjg2018,9UfqWQ,Менеджер
Беляева ,Анна Вячеславовна,loginDEjbz2018,xIAWNI,Конструктор
Беляев ,Валентин Артёмович,loginDEmgu2018,0gC3bk,Менеджер
Семёнов ,Герман Дмитрьевич,loginDErdg2018,ni0ue0,Заказчик
Шестаков ,Илья Антонинович,loginDEjtv2018,f2ZaN6,Менеджер
Власов ,Вадим Васильевич,loginDEtfj2018,{{ksPn,Менеджер
Савельев ,Арсений Авксентьевич,loginDEpnb2018,{ADBdc,Заказчик
Ефимов ,Руслан Якунович,loginDEzer2018,5&R+zs,Заказчик
Бурова ,Марфа Федотовна,loginDEiin2018,y9l*b},Менеджер
Селезнёв ,Александр Никитевич,loginDEqda2018,|h+r}I,Менеджер
Кулакова ,Виктория Георгьевна,loginDEbnj2018,+SW2I3,Мастер
Дорофеева ,Кира Демьяновна,loginDEqte2018,dC8bDI,Менеджер
Сафонова ,Нинель Якововна,loginDEfeo2018,8cI7vq,Менеджер
Ситникова ,София Лукьевна,loginDEvni2018,e4pVIv,Конструктор
Медведев ,Ириней Геннадьевич,loginDEjis2018,A9K++2,Мастер
Суханова ,Евгения Улебовна,loginDExvv2018,R1zh}|,Директор
Игнатьев ,Владлен Дамирович,loginDEadl2018,F&IWf4,Директор
Ефремов ,Христофор Владиславович,loginDEyzn2018,P1v24R,Конструктор
Кошелев ,Ростислав Куприянович,loginDEphn2018,F}jGsJ,Мастер
Галкина ,Тамара Авксентьевна,loginDEdvk2018,NKNkup,Мастер
Журавлёва ,Вера Арсеньевна,loginDEtld2018,c+CECK,Менеджер
Савина ,Таисия Глебовна,loginDEima2018,XK3sOA,Заказчик
Иванов ,Яков Мэлорович,loginDEyfe2018,4Bbzpa,Менеджер
Лыткин ,Ким Алексеевич,loginDEwqc2018,vRtAP*,Заказчик
Логинов ,Федот Святославович,loginDEgtt2018,7YD|BR,Заказчик
Русакова ,Марина Юлиановна,loginDEiwl2018,LhlmIl,Мастер
Константинов ,Пётр Кондратович,loginDEyvi2018,22beR},Заказчик
Поляков ,Анатолий Игоревич,loginDEtfz2018,uQY0ZQ,Мастер
Панфилова ,Василиса Григорьевна,loginDEikb2018,*QkUxc,Конструктор
Воробьёв ,Герман Романович,loginDEdmi2018,HOGFbU,Директор
Андреев ,Ростислав Федосеевич,loginDEtlo2018,58Jxrg,Мастер
Бобров ,Агафон Владимирович,loginDEsnd2018,lLHqZf,Мастер
Лапин ,Алексей Витальевич,loginDEgno2018,4fqLiO,Конструктор
Шестаков ,Авдей Иванович,loginDEgnl2018,wdio{u,Директор
Гаврилова ,Алина Эдуардовна,loginDEzna2018,yz1iMB,Мастер
Жуков ,Юлиан Валерьянович,loginDEsyh2018,&4jYGs,Директор
Пономарёв ,Максим Альвианович,loginDExex2018,rnh36{,Менеджер
Зиновьева ,Мария Лаврентьевна,loginDEdjm2018,KjI1JR,Конструктор
Осипов ,Артём Мэлорович,loginDEgup2018,36|KhF,Мастер
Лапин ,Вячеслав Геласьевич,loginDEdat2018,ussd8Q,Заказчик
Зуев ,Ириней Вадимович,loginDEffj2018,cJP+HC,Конструктор
Коновалова ,Агафья Митрофановна,loginDEisp2018,dfz5Ii,Мастер
Исаев ,Дмитрий Аристархович,loginDEfrp2018,6dcR|9,Мастер
Белозёрова ,Алевтина Лаврентьевна,loginDEaee2018,5&qONH,Директор
Самсонов ,Агафон Максимович,loginDEthu2018,|0xWzV,Мастер
Якушев ,Евсей Лукьевич,loginDEdcx2018,TYlFkM,Мастер
Фёдоров ,Святослав Григорьевич,loginDEnsa2018,LdqH+T,Заказчик
Борисов ,Герман Дамирович,loginDErxm2018,8EavEy,Мастер
Ситников ,Серапион Фролович,loginDEaic2018,X2adoa,Заказчик
Третьяков ,Валерьян Иринеевич,loginDEwul2018,uK&3Zr,Директор
Комиссарова ,Мария Владимировна,loginDEjgl2018,++04Tb,Конструктор
Меркушева ,Раиса Владленовна,loginDEgtk2018,pNWXhi,Конструктор
Калашникова ,Венера Якуновна,loginDEvrd2018,S7N9hz,Заказчик
Комиссаров ,Семён Павлович,loginDExky2018,Kt9EAS,Конструктор
Денисов ,Митрофан Егорович,loginDExnj2018,IJDdP0,Менеджер
Матвиенко ,Дамир Богданович,loginDEnbu2018,86uDLd,Директор
Кириллов ,Константин Алексеевич,loginDEiik2018,gKt2zV,Конструктор
Медведьев ,Фёдор Мэлсович,loginDEwyi2018,9eskgK,Менеджер
Карпов ,Евгений Лукьевич,loginDEpfr2018,mW1Q36,Конструктор
Маркова ,Евдокия Артёмовна,loginDEjct2018,3WpoK9,Конструктор
Красильников ,Тихон Богданович,loginDEsmg2018,ApH1By,Заказчик
Титов ,Семён Иринеевич,loginDEexu2018,Nt44pG,Заказчик
Кудряшов ,Борис Иринеевич,loginDEztr2018,MYCgB7,Заказчик
Гаврилова ,Нинель Денисовна,loginDEwrc2018,SktJa|,Заказчик
Быков ,Дмитрий Валерьянович,loginDEzjs2018,|x{s+X,Мастер
Фомичёв ,Денис Федосеевич,loginDEeka2018,mLZvLv,Заказчик
Белова ,Марфа Матвеевна,loginDEepr2018,BG6tpN,Конструктор
Романова ,Марина Лаврентьевна,loginDEsnq2018,hrD}}g,Мастер
Беспалов ,Демьян Витальевич,loginDEvqn2018,LPa|e3,Менеджер
Архипова ,Венера Демьяновна,loginDEery2018,*I0Rdi,Менеджер
Носков ,Парфений Георгьевич,loginDElqv2018,Hqfw17,Менеджер
Зыков ,Иван Варламович,loginDEtuz2018,Yln7JW,Мастер
Иван ,Протасьевна,loginDEllr2018,hXtdCD,Директор
Рожков ,Протасий Альвианович,loginDEisy2018,5k5dHN,Менеджер
Большакова ,Нинель Протасьевна,loginDEqiv2018,h+N2uW,Конструктор
Наумова ,Лидия Донатовна,loginDEmfu2018,{ZpDBn,Заказчик
Панова ,Ольга Олеговна,loginDEgbd2018,+86Nf*,Заказчик
Комаров ,Аркадий Иванович,loginDEkdg2018,R0tt07,Мастер
Федосеева ,Тамара Михаиловна,loginDEjrs2018,MVg{yd,Менеджер
Пестов ,Роман Михаилович,loginDEmvd2018,wyLDa{,Менеджер
Блинов ,Артём Ильяович,loginDEctc2018,B&dlx+,Директор
Владимирова ,Полина Иринеевна,loginDEavf2018,oDTttg,Менеджер
Силин ,Игнатий Яковович,loginDEako2018,tD8J5+,Мастер
Кононов ,Геннадий Созонович,loginDEzrg2018,WXIgGi,Менеджер
Дьячков ,Фрол Арсеньевич,loginDEdwq2018,WkTaBP,Менеджер
Горбачёв ,Арсений Григорьевич,loginDEszg2018,NWkAVP,Конструктор
Виноградов ,Яков Онисимович,loginDEmeh2018,HQ+m4W,Заказчик
Лаврентьева ,Валентина Васильевна,loginDEpwm2018,be7AT0,Директор
Брагин ,Лукьян Мартынович,loginDEnaq2018,I8c5EB,Мастер
Трофимов ,Кондрат Игоревич,loginDEtuk2018,6aDAzV,Заказчик
Степанова ,Глафира Авксентьевна,loginDEhsb2018,n|I6A0,Конструктор
Федосеев ,Пётр Григорьевич,loginDEaoi2018,Dl58m|,Менеджер
Поляков ,Николай Антонович,loginDErmk2018,D3GuIv,Конструктор
Медведев ,Владимир Онисимович,loginDEfnd2018,74D9|d,Конструктор
Иван ,Мэлоровна,loginDEtza2018,A7Qldh,Конструктор
Медведева ,Ангелина Валентиновна,loginDEnoq2018,qyKzu6,Конструктор
Сафонова ,Дарья Брониславовна,loginDEmid2018,CVjLBK,Конструктор
Большаков ,Федот Владимирович,loginDEaua2018,OJgRk4,Менеджер
Дроздов ,Куприян Александрович,loginDEvvs2018,oBv+5G,Директор
Рябова ,Лукия Руслановна,loginDEhne2018,Lidn5o,Менеджер
Артемьева ,Фаина Христофоровна,loginDEksx2018,gLTUuE,Мастер
Комиссарова ,Варвара Руслановна,loginDEota2018,xc&O3U,Конструктор
Романова ,Оксана Мартыновна,loginDEcda2018,Ji63Jt,Директор
Бобров ,Артём Валерьянович,loginDEhjr2018,4aeumW,Конструктор
Соколов ,Василий Михаилович,loginDEtps2018,G&lq7J,Заказчик
Рогов ,Лукьян Онисимович,loginDEwdj2018,xj+&hg,Мастер
Фомичёва ,Светлана Тихоновна,loginDEgtc2018,ysRjen,Мастер
Макаров ,Егор Святославович,loginDEeib2018,DN0Zs&,Мастер
Афанасьева ,Марфа Куприяновна,loginDEzjn2018,E8c864,Директор
Рыбаков ,Андрей Семёнович,loginDEdsm2018,dQPs1p,Конструктор
Белоусова ,Лариса Валерьяновна,loginDEuxs2018,5FVwny,Заказчик
Ершов ,Сергей Геласьевич,loginDExss2018,AiQQ|q,Заказчик
Иванова ,Жанна Матвеевна,loginDEtog2018,TE757+,Директор
Носков ,Александр Богданович,loginDEjfr2018,nxLt10,Заказчик
Уваров ,Анатолий Парфеньевич,loginDEcnj2018,QCQd0Z,Конструктор
Некрасова ,Ирина Ильяовна,loginDEnsz2018,WS}BK1,Конструктор
Боброва ,Дарья Федосеевна,loginDEgva2018,SXlY&e,Мастер
Степанова ,Любовь Лукьевна,loginDErgi2018,ROPHET,Конструктор
Меркушев ,Дамир Улебович,loginDEgho2018,kDKj}M,Менеджер
Хохлова ,Виктория Глебовна,loginDEgmb2018,czGJP5,Заказчик
Мельникова ,Таисия Лукьяновна,loginDEunc2018,M*DY73,Конструктор
Кошелев ,Владислав Лукьянович,loginDEatn2018,h{QXsQ,Заказчик
Тетерин ,Всеволод Ростиславович,loginDEwlw2018,9gIoYv,Заказчик
Капустина ,Любовь Викторовна,loginDEunh2018,nhp6F0,Менеджер
Комиссарова ,Дарья Парфеньевна,loginDEzvg2018,NEACzR,Мастер
Назаров ,Евгений Юлианович,loginDEhhe2018,LKkrzY,Менеджер
Зайцев ,Юрий Анатольевич,loginDEfjj2018,dyv&fw,Менеджер
Селиверстова ,Дарья Георгьевна,loginDEtun2018,}TKwPx,Менеджер
Наумова ,Вера Ивановна,loginDEmym2018,WhDPfl,Мастер
Быков ,Даниил Антонинович,loginDEmxi2018,uEQkUn,Заказчик
Корнилова ,Алина Игоревна,loginDEeiw2018,bLgTtm,Конструктор
Родионов ,Григорий Антонович,loginDEotu2018,o5BP5N,Директор
Волков ,Владлен Николаевич,loginDEiui2018,ce4&gT,Мастер
Дьячкова ,Ираида Якововна,loginDEcsm2018,*X3Tl8,Директор
Орлов ,Юрий Андреевич,loginDEgwr2018,xhCEUR,Менеджер
Гордеев ,Аристарх Русланович,loginDEjcu2018,2+JLPl,Мастер
Зыков ,Варлам Протасьевич,loginDExyn2018,IFFTHr,Заказчик
Фомичёв ,Богдан Федотович,loginDEzpz2018,PRI8h7,Мастер
Дорофеева ,Валерия Павловна,loginDEhic2018,OPCVb1,Мастер
Матвеев ,Борис Мэлорович,loginDEiwx2018,9{rX8I,Конструктор
Исакова ,Прасковья Олеговна,loginDEmos2018,gC*38U,Менеджер
Стрелков ,Максим Гордеевич,loginDEqov2018,AIINBG,Заказчик
Волков ,Николай Ярославович,loginDEket2018,TN4H+S,Менеджер
Мишин ,Донат Брониславович,loginDEayo2018,wHQKY5,Директор
Гурьев ,Матвей Артёмович,loginDEryt2018,XcFoH*,Заказчик
Одинцов ,Даниил Мстиславович,loginDEsvp2018,4kES&p,Директор
Юдин ,Антон Васильевич,loginDEiks2018,FXV&W*,Заказчик
Котова ,Элеонора Протасьевна,loginDEhyt2018,3E{ZDm,Менеджер
Александров ,Евсей Тихонович,loginDExkt2018,2EyCBy,Директор
Денисов ,Яков Даниилович,loginDEjyt2018,E&Ac|h,Заказчик
Васильева ,Татьяна Пётровна,loginDErvn2018,6G+AZH,Мастер
Гуляева ,Октябрина Кондратовна,loginDEitl2018,BECfk*,Мастер
Борисова ,Синклитикия Григорьевна,loginDEpfw2018,3kY3&K,Мастер
Романова ,Евдокия Альбертовна,loginDEide2018,dFR{Aq,Заказчик
Ефимов ,Руслан Улебович,loginDEtur2018,+yv5+x,Мастер
Назаров ,Ким Кимович,loginDEtwc2018,oqx3Pv,Конструктор
Никитина ,Татьяна Агафоновна,loginDEslj2018,YP*v6E,Заказчик
Панов ,Никита Евсеевич,loginDEkxx2018,GhlUU&,Заказчик
Журавлёва ,Елизавета Артёмовна,loginDEvdz2018,OhnHez,Конструктор
Киселёв ,Бронислав Арсеньевич,loginDEnvw2018,blqZ85,Менеджер
Галкин ,Владислав Кимович,loginDEdno2018,PJ05BT,Конструктор
Анисимова ,Таисия Улебовна,loginDEmmc2018,8a0pbC,Заказчик
Якушев ,Валерьян Викторович,loginDEckd2018,apfX0U,Менеджер
Максимов ,Ириней Дамирович,loginDEbbm2018,l4tp}r,Конструктор
Миронова ,Валерия Владиславовна,loginDEppq2018,Wgi6Ff,Директор
Поляков ,Георгий Авдеевич,loginDEmnq2018,laFpJG,Менеджер
Фадеев ,Николай Денисович,loginDEmqg2018,4*M&VK,Директор
Авдеева ,Наталья Викторовна,loginDEazm2018,2seWAw,Директор
Калинин ,Бронислав Денисович,loginDEapw2018,NX6N*N,Заказчик
Суворов ,Дамир Яковович,loginDEtic2018,gIXztH,Заказчик
Горбачёва ,Зоя Куприяновна,loginDEfgs2018,+H9B17,Мастер
Романов ,Анатолий Юлианович,loginDEdrt2018,wg*xRp,Мастер
Соловьёва ,Полина Игоревна,loginDErtg2018,bg7NzS,Заказчик
Никифоров ,Владлен Васильевич,loginDEijp2018,*V969Y,Директор
Кулаков ,Федот Георгьевич,loginDEpnl2018,jinnCV,Заказчик
Смирнова ,Елена Якововна,loginDExjm2018,0PYqey,Конструктор
Волков ,Федосей Святославович,loginDEecw2018,V8}GOZ,Мастер
Мухин ,Леонид Антонович,loginDEdzx2018,+iBUvT,Менеджер
Гурьева ,Ангелина Матвеевна,loginDEaaf2018,SIBZnG,Мастер
Захаров ,Артём Вячеславович,loginDEqtm2018,fsKT+2,Заказчик
Баранова ,Евдокия Игнатьевна,loginDEfzb2018,0Q6cQY,Заказчик
Кулакова ,Оксана Ярославовна,loginDErqv2018,2LK9Pw,Мастер
Муравьёва ,Синклитикия Геннадьевна,loginDEzwx2018,3tICV1,Конструктор
Медведев ,Евгений Эдуардович,loginDEjzi2018,5cDW2|,Директор
Савельева ,Феврония Фёдоровна,loginDEsjj2018,wuVex4,Заказчик
Лаврентьева ,Элеонора Агафоновна,loginDEidz2018,G5DP2D,Мастер
Носов ,Альберт Ярославович,loginDEtqb2018,Y+Dq4P,Директор
Капустин ,Фрол Пётрович,loginDEcdz2018,e1oDkm,Мастер
Крюков ,Евсей Семёнович,loginDEoio2018,wHOAvL,Заказчик
Громов ,Протасий Георгьевич,loginDEljv2018,utbJSk,Директор
Ларионова ,Агата Ефимовна,loginDEcfc2018,GxVX}g,Директор
Пономарёв ,Ким Семёнович,loginDEofx2018,dMTmGz,Конструктор
Герасимова ,Элеонора Вадимовна,loginDEhns2018,oX7tXV,Директор
Галкин ,Георгий Фёдорович,loginDExrk2018,8&vYwK,Директор
Воронова ,Антонина Всеволодовна,loginDEscf2018,O|o5A+,Конструктор
Денисов ,Святослав Онисимович,loginDEyua2018,rW71Ck,Конструктор
Гаврилов ,Демьян Валентинович,loginDEgkj2018,yXC+SX,Заказчик
Аксёнова ,Маргарита Артёмовна,loginDEtad2018,cp1gN+,Менеджер
Королёв ,Якун Степанович,loginDEsan2018,q7Qx66,Конструктор
Кузьмина ,Прасковья Онисимовна,loginDEgbx2018,qrB{e1,Заказчик
Ефимова ,Александра Парфеньевна,loginDEusz2018,0||9by,Директор
Красильникова ,Лариса Ефимовна,loginDEanl2018,EcBP7N,Мастер
Ларионова ,Фёкла Филатовна,loginDEgzu2018,AkAXti,Конструктор
Шашков ,Филат Кимович,loginDEriw2018,W39VRH,Менеджер
Мамонтова ,Элеонора Максимовна,loginDEuup2018,yJ}w5s,Директор
Воробьёв ,Мартын Игоревич,loginDExeu2018,dObOMp,Мастер
Корнилова ,Кира Брониславовна,loginDElkp2018,TA6grZ,Мастер
Лебедев ,Герман Евгеньевич,loginDEzfz2018,GzUp*R,Директор
Лазарев ,Мэлор Дмитрьевич,loginDEkhc2018,+4+F+o,Менеджер
Зайцев ,Мэлс Русланович,loginDEwsi2018,8|JAAt,Мастер
Устинова ,Зоя Созоновна,loginDExhs2018,g+wDAX,Заказчик
Некрасова ,Алла Альбертовна,loginDEmad2018,cRKuGW,Конструктор
Волков ,Ириней Ефимович,loginDEpav2018,7eur3a,Конструктор
Кондратьев ,Геннадий Дмитрьевич,loginDEave2018,|+aXyG,Конструктор
Копылова ,Ульяна Тихоновна,loginDEkro2018,N5|}vM,Конструктор
Баранов ,Анатолий Митрофанович,loginDEdsu2018,aZZhZQ,Заказчик
Прохорова ,Нина Улебовна,loginDEfuv2018,xSvieW,Конструктор
Якушева ,Ольга Игнатьевна,loginDEsnk2018,lkR1ZZ,Директор
Филиппов ,Борис Геннадьевич,loginDEppv2018,yg1DH+,Заказчик
Мишин ,Владлен Арсеньевич,loginDEkzy2018,DpvYbd,Мастер
Шилова ,Татьяна Георгьевна,loginDEpmj2018,0{6txi,Мастер
Исаков ,Филат Григорьевич,loginDEagt2018,HDZ&8{,Директор
Трофимов ,Иван Антонинович,loginDEmch2018,IC2+2a,Директор
Туров ,Юлиан Парфеньевич,loginDEzeq2018,WlZOJ3,Конструктор
Котов ,Анатолий Арсеньевич,loginDEdts2018,lyy5BX,Директор
Антонов ,Германн Мартынович,loginDEgdn2018,rkaUu0,Менеджер
Кондратьева ,Наталья Юлиановна,loginDEmvy2018,3Y}DMk,Конструктор
Дьячкова ,Екатерина Владленовна,loginDEjtt2018,eKlTzd,Заказчик
Ефимов ,Альвиан Серапионович,loginDEmty2018,J20FCe,Конструктор
Зимина ,Лукия Дмитрьевна,loginDEjmx2018,i{OH{c,Конструктор
Сазонов ,Мэлор Созонович,loginDEygt2018,zDTc9&,Мастер
Медведева ,Лариса Ростиславовна,loginDEypc2018,vtxvjy,Заказчик
Кириллов ,Игнатий Ростиславович,loginDErip2018,re53rs,Заказчик
Владимиров ,Егор Пётрович,loginDEahk2018,|tP8kR,Заказчик
Мартынова ,Дарья Васильевна,loginDEbid2018,DeyUEY,Мастер
Иван ,Фёдоровна,loginDEupo2018,Az*YxR,Менеджер
Калинина ,Феврония Брониславовна,loginDEvel2018,dA5Kk+,Директор
Крылова ,Людмила Германовна,loginDEnpc2018,AozkWP,Директор
Потапов ,Геннадий Созонович,loginDEigv2018,ZOYxOn,Конструктор
Мельникова ,Нонна Альвиановна,loginDEwrl2018,CeSxSp,Директор
Авдеева ,Елизавета Федотовна,loginDEbbl2018,BXfnEL,Заказчик
Лапина ,Синклитикия Аристарховна,loginDEteq2018,YI+ss5,Конструктор
Третьяков ,Юрий Станиславович,loginDEdis2018,|1+hrs,Мастер
Николаев ,Ефим Константинович,loginDElsk2018,h0OP2P,Мастер
Иванова ,Ирина Мэлсовна,loginDEegj2018,52*BRY,Конструктор
